Role,Gender,Age,Education,Small business income,Large business income,Wage income,Agriculture income,Fisher income,Other income, Average Monthly Income ,Own Home?,Household size,Men in household,Women in household,Boys in household,Girls in household,Children at school,Year 1,Year 2,Year 3,Year 4,Year 5,Year 6,Year 7,Year 8,Year 9,Main Water Supply,Drinking Water Supply,Different Water Supplies,Drinking water availability,Water Collection > 30 mins,Number of water collectors,Purchased Water / month ($USD),Treat Water?,Firewood Treatment,Kettle Treatment,Kerosense Stove Treatment,Bleach Treatment,Powder Treatment,Solar Treatment,Other Treatment,Max firewood per month,Buy Firewood,Collect Firewood,Firewood collection trips weekly,Firewood collection hours / day,Family members collecting firewood,Max minutes boiling daily,Consider drinking water safe?,Dry season potable,Wet season potable,Enough in dry season,Enough in wet season,Raw water potable,Do you have any problems accessing water at your home in dry or wet seasons?,Installation Date,Diarrhea in household in last two weeks ?,How many people have had diarrhea in the last two weeks in your household?,"Since the filter were installed, do you feel your children's/family's health has improved ?",What do you think can cause diarrhea?/Bad/dirty water,What do you think can cause diarrhea?/Bad/dirty food,What do you think can cause diarrhea?/Poor hygiene,What do you think can cause diarrhea?/Faces/defecating in the open,What do you think can cause diarrhea?/Dirty hands,What do you think can cause diarrhea?/Germs Flies,What do you think can cause diarrhea?/Other,What do you think can cause diarrhea?/Don’t know,Do you think you know that diarrhea can be prevented or avoided?,"If yes, how do you think diarrhea can be prevented or avoided?/Use soap when wash hands","If yes, how do you think diarrhea can be prevented or avoided?/Use toilet facility to defecate","If yes, how do you think diarrhea can be prevented or avoided?/Dispose children’s faces in toilet facility","If yes, how do you think diarrhea can be prevented or avoided?/Bury faces","If yes, how do you think diarrhea can be prevented or avoided?/Drink clean water","If yes, how do you think diarrhea can be prevented or avoided?/Store water safely","If yes, how do you think diarrhea can be prevented or avoided?/Treat water (boil, filter, chlorinate)","If yes, how do you think diarrhea can be prevented or avoided?/Prepare food hygienically/protect","If yes, how do you think diarrhea can be prevented or avoided?/Dispose of garbage properly","If yes, how do you think diarrhea can be prevented or avoided?/Breast feeding","If yes, how do you think diarrhea can be prevented or avoided?/Good nutrition","If yes, how do you think diarrhea can be prevented or avoided?/Other","If yes, how do you think diarrhea can be prevented or avoided?/Don’t know","In your community, what should people (including you) do to prevent or avoid diarrhea?/Provide clean and safe water","In your community, what should people (including you) do to prevent or avoid diarrhea?/Help to construct toilets","In your community, what should people (including you) do to prevent or avoid diarrhea?/Make materials for toilet construction available at low cost","In your community, what should people (including you) do to prevent or avoid diarrhea?/Make soap available at low cost","In your community, what should people (including you) do to prevent or avoid diarrhea?/Make water disinfectant available at low cost","In your community, what should people (including you) do to prevent or avoid diarrhea?/Clean village campaigns","In your community, what should people (including you) do to prevent or avoid diarrhea?/Train promoters","In your community, what should people (including you) do to prevent or avoid diarrhea?/Other","In your community, what should people (including you) do to prevent or avoid diarrhea?/Don’t know",What is your main sources of information about personal and household hygiene?/Television,What is your main sources of information about personal and household hygiene?/Radio,What is your main sources of information about personal and household hygiene?/Newspaper,What is your main sources of information about personal and household hygiene?/Community leaders,What is your main sources of information about personal and household hygiene?/School,What is your main sources of information about personal and household hygiene?/Workplace,What is your main sources of information about personal and household hygiene?/Family or friends,What is your main sources of information about personal and household hygiene?/Church,What is your main sources of information about personal and household hygiene?/Women’s group,What is your main sources of information about personal and household hygiene?/Youth group,What is your main sources of information about personal and household hygiene?/Local government,What is your main sources of information about personal and household hygiene?/NGO,What is your main sources of information about personal and household hygiene?/Internet,What is your main sources of information about personal and household hygiene?/Nobody,What is your main sources of information about personal and household hygiene?/Other,What is your main sources of information about personal and household hygiene?/Don’t know
Primary caregiver,Female,40,3,0,0,1,0,0,0, $750 ,TRUE,8,2,3,2,1,3,0,1,0,1,0,1,0,0,0,Pipe,Pipe,FALSE,0,,,0,TRUE,1,1,1,0,0,0,0,10,TRUE,TRUE,2,2.5,2,30,FALSE,FALSE,FALSE,TRUE,TRUE,FALSE,TRUE,2022-05-19,FALSE,,,1,1,0,0,1,0,0,0,TRUE,1,0,0,0,1,1,0,1,0,0,0,0,0,0,0,0,0,0,1,0,0,0,1,0,0,0,0,0,0,0,0,0,0,0,0,0,1,0
Primary caregiver,Female,32,3,1,0,1,0,1,0, $150 ,TRUE,11,3,2,2,4,3,0,1,1,0,0,0,0,0,0,Communal tap,Communal tap,FALSE,4,FALSE,7,5,TRUE,1,1,0,0,0,0,0,10,TRUE,TRUE,2,2,4,30,TRUE,TRUE,TRUE,FALSE,TRUE,FALSE,TRUE,2022-05-17,FALSE,,,1,1,0,1,0,1,0,0,TRUE,1,1,0,0,0,0,0,1,0,0,0,0,0,0,0,0,0,0,1,0,0,0,1,0,0,1,0,0,0,0,0,0,0,0,0,0,1,0
Primary caregiver,Female,50,3,0,0,1,0,0,0, $450 ,TRUE,5,2,1,0,2,1,0,0,0,0,0,1,0,0,0,Pipe,Pipe,FALSE,1,,,0,TRUE,1,0,0,0,0,0,0,20,FALSE,TRUE,5,2.5,1,60,TRUE,TRUE,TRUE,TRUE,TRUE,TRUE,TRUE,2022-05-12,FALSE,,,0,1,0,1,0,0,0,0,TRUE,1,1,0,0,1,0,0,1,0,0,0,0,0,1,0,0,0,0,1,1,0,0,0,0,0,0,0,0,0,0,0,0,0,0,0,0,1,0
Primary caregiver,Female,38,3,0,0,1,0,0,0, $150 ,TRUE,5,1,2,1,1,2,0,0,1,0,0,1,0,0,0,Pipe,Pipe,FALSE,1,,,3,FALSE,,,,,,,,,,,,,,,TRUE,TRUE,TRUE,TRUE,TRUE,TRUE,FALSE,2022-07-07,TRUE,1,,0,0,0,0,1,0,0,0,TRUE,1,0,0,0,0,0,0,0,0,0,0,0,0,0,0,0,0,0,1,0,0,0,0,0,0,0,0,0,0,0,0,0,0,0,0,0,1,0
Primary caregiver,Female,34,3,0,0,1,0,0,0, $150 ,FALSE,4,1,1,1,1,1,0,1,0,0,0,0,0,0,0,Surface,Surface,FALSE,,,1,,TRUE,1,1,0,0,0,0,0,10,FALSE,TRUE,2,2,1,30,TRUE,TRUE,FALSE,TRUE,TRUE,FALSE,TRUE,2022-05-14,FALSE,,,0,1,1,0,0,0,0,0,TRUE,1,0,0,0,1,0,0,0,0,0,0,0,0,1,0,0,0,0,0,0,1,0,1,1,0,0,0,1,0,0,0,0,0,0,0,0,0,0
Primary caregiver,Female,47,4,0,0,1,0,0,1, $350 ,TRUE,10,4,3,1,1,2,0,0,0,1,0,0,0,0,1,Surface,Surface,FALSE,,,6,5,TRUE,1,0,0,0,0,0,0,20,FALSE,TRUE,4.5,2,5,60,FALSE,TRUE,FALSE,FALSE,TRUE,TRUE,FALSE,2022-05-12,FALSE,,,0,0,0,0,0,0,1,0,TRUE,1,0,0,0,0,0,0,0,0,0,1,0,0,0,1,1,0,0,0,1,0,0,1,1,1,0,0,0,0,0,0,0,0,0,1,0,0,0
Primary caregiver,Female,47,3,0,0,1,0,0,0, $350 ,FALSE,5,3,1,1,0,1,0,0,0,0,0,0,0,1,0,Truck,Truck,FALSE,,,,4,FALSE,,,,,,,,,,,,,,,TRUE,TRUE,TRUE,TRUE,TRUE,TRUE,FALSE,2022-05-13,TRUE,3,,0,1,0,0,0,0,0,0,TRUE,1,0,0,0,0,0,0,0,0,0,0,0,0,1,0,0,0,0,0,1,0,0,0,0,0,0,0,0,0,0,0,0,0,0,0,0,1,0
Primary caregiver,Female,38,2,1,0,0,0,0,0, $-   ,FALSE,6,1,2,1,2,2,0,0,1,0,0,0,0,0,1,Surface,Surface,FALSE,,,3,16,FALSE,,,,,,,,,,,,,,,TRUE,TRUE,TRUE,TRUE,TRUE,TRUE,FALSE,2022-05-18,FALSE,,,0,0,0,0,1,0,1,0,TRUE,1,0,0,0,0,0,0,0,0,0,0,0,0,0,0,0,0,0,0,1,0,0,1,1,0,0,0,0,0,0,0,0,0,0,0,0,1,0
Secondary caregiver,Male,35,1,0,0,0,0,1,0, $-   ,TRUE,5,1,1,1,2,2,1,0,0,0,1,0,0,0,0,Communal tap,Communal tap,FALSE,4,FALSE,2,,FALSE,,,,,,,,,,,,,,,TRUE,TRUE,FALSE,FALSE,TRUE,FALSE,TRUE,2022-06-15,FALSE,,,0,0,1,0,0,1,0,0,TRUE,1,0,0,0,0,0,0,0,0,0,0,0,0,0,0,0,0,0,0,1,0,0,1,0,0,0,0,0,0,0,0,0,0,0,0,0,1,0
Secondary caregiver,Male,47,4,1,0,1,0,0,0, $350 ,TRUE,10,1,2,4,1,4,1,0,0,0,1,1,0,0,1,Surface,Surface,FALSE,,,3,,FALSE,,,,,,,,,,,,,,,FALSE,TRUE,FALSE,FALSE,TRUE,FALSE,FALSE,2022-04-13,TRUE,2,,0,0,0,0,0,0,1,0,TRUE,0,0,0,0,0,0,0,0,0,0,0,1,0,0,0,0,0,0,0,1,0,0,0,0,0,0,0,0,0,0,0,0,0,0,0,0,1,0
Primary caregiver,Female,39,3,1,0,0,1,0,0, $750 ,TRUE,5,1,1,3,0,2,0,0,0,0,1,0,0,1,0,Pipe,Pipe,FALSE,0,,,,FALSE,,,,,,,,,,,,,,,TRUE,TRUE,FALSE,TRUE,TRUE,TRUE,TRUE,2022-05-20,FALSE,,,0,0,0,0,1,0,0,0,TRUE,0,0,0,0,0,0,0,1,0,0,1,0,0,0,0,0,0,0,0,0,1,0,0,0,0,0,0,0,0,0,0,0,0,0,0,0,1,0
Primary caregiver,Female,28,2,1,0,0,0,0,0, $150 ,TRUE,6,2,1,2,1,1,1,0,0,0,0,0,0,0,0,Communal tap,Communal tap,FALSE,4,FALSE,2,2,FALSE,,,,,,,,,,,,,,,TRUE,TRUE,FALSE,TRUE,FALSE,TRUE,FALSE,2022-05-19,FALSE,,,0,0,0,0,0,0,1,0,FALSE,,,,,,,,,,,,,,0,0,0,0,0,0,0,0,1,0,0,0,0,0,0,0,0,0,0,0,0,0,0,1,0
Primary caregiver,Female,38,4,1,0,1,0,0,0, $350 ,TRUE,5,1,1,1,2,1,0,1,0,0,0,0,0,0,0,Surface,Surface,FALSE,,,1,12,TRUE,1,1,0,0,0,0,0,10,FALSE,TRUE,2,2,1,30,FALSE,TRUE,FALSE,TRUE,FALSE,TRUE,TRUE,2022-04-21,FALSE,,,0,1,1,0,0,0,1,0,TRUE,0,0,0,0,0,0,1,0,0,0,0,0,0,0,0,0,1,0,1,0,0,0,0,0,0,0,0,0,0,0,0,0,0,0,0,0,1,0
Primary caregiver,Female,41,3,1,0,1,0,0,0, $450 ,TRUE,8,2,1,2,3,4,0,1,1,0,0,0,1,0,1,Communal tap,Communal tap,FALSE,0,TRUE,2,8,TRUE,1,1,0,0,0,0,0,10,TRUE,TRUE,2,2,2,15,TRUE,TRUE,TRUE,TRUE,TRUE,TRUE,FALSE,2022-04-29,FALSE,,,0,0,1,0,1,0,1,0,TRUE,0,0,0,0,0,0,0,1,0,0,1,1,0,0,0,0,0,0,1,0,0,0,0,0,0,0,0,0,0,0,0,0,0,0,0,0,1,0
Primary caregiver,Female,47,2,1,0,0,0,0,1, $150 ,TRUE,4,1,2,0,1,1,0,0,0,0,0,0,0,0,1,Borehole,Borehole,FALSE,,,,0,TRUE,1,1,0,0,0,0,0,20,FALSE,TRUE,3.5,2,3,,FALSE,TRUE,FALSE,TRUE,FALSE,TRUE,FALSE,2022-05-19,FALSE,,,0,1,0,0,0,0,0,0,TRUE,1,0,0,0,1,0,0,0,0,0,0,0,0,1,0,0,0,0,0,0,0,0,1,0,0,0,0,0,0,0,0,0,0,0,0,0,1,0
Secondary caregiver,Male,33,4,1,0,1,1,0,0, $250 ,TRUE,4,1,1,1,1,1,0,0,0,0,0,0,1,0,0,Borehole,Borehole,FALSE,,,,1,TRUE,1,1,0,0,0,0,0,10,FALSE,TRUE,2,2,1,15,TRUE,TRUE,TRUE,TRUE,TRUE,TRUE,TRUE,2022-04-01,FALSE,,,1,1,0,0,0,0,0,0,TRUE,0,0,0,0,1,0,0,0,0,1,1,0,0,1,0,0,0,0,0,0,0,0,0,0,0,0,1,0,0,0,0,0,0,0,0,0,1,0
Primary caregiver,Female,50,0,1,0,0,0,1,0, $75 ,TRUE,6,2,3,0,1,1,1,0,0,0,0,0,0,0,0,Unprotected well,Unprotected well,FALSE,,,,10,TRUE,1,0,0,0,0,0,0,20,FALSE,TRUE,4.5,2,1,15,TRUE,TRUE,TRUE,TRUE,TRUE,TRUE,FALSE,2022-07-13,FALSE,,,0,1,0,0,1,0,0,0,TRUE,1,0,0,0,0,0,0,0,0,0,0,0,0,1,0,0,0,0,0,0,0,0,0,0,0,1,1,0,0,0,0,0,0,0,0,0,1,0
Primary caregiver,Female,43,2,0,0,0,1,0,0, $75 ,TRUE,7,2,2,1,2,1,0,0,0,0,1,0,0,0,0,Borehole,Borehole,FALSE,,,,,TRUE,1,0,0,0,0,0,0,10,FALSE,TRUE,2.5,2.5,4,15,TRUE,TRUE,TRUE,TRUE,TRUE,TRUE,FALSE,2022-05-02,FALSE,,,0,1,0,0,0,0,0,0,TRUE,1,0,0,0,1,0,0,0,0,0,0,0,0,0,0,0,0,0,1,0,0,0,0,0,0,0,0,0,0,0,0,0,0,0,0,0,1,0
Primary caregiver,Female,27,3,1,0,0,0,0,0, $350 ,TRUE,5,1,1,2,1,1,0,1,0,0,0,0,0,0,0,Pipe,Pipe,FALSE,1,,,4,FALSE,,,,,,,,,,,,,,,TRUE,TRUE,TRUE,TRUE,TRUE,TRUE,FALSE,2022-05-14,TRUE,2,,0,0,0,0,0,0,1,0,TRUE,0,0,0,0,0,0,0,0,0,0,0,0,1,0,0,0,0,0,0,0,0,1,0,0,0,0,0,0,0,0,0,0,0,0,0,0,1,0
Other,Female,20,3,1,0,0,0,0,0, $750 ,TRUE,9,4,2,2,1,3,0,1,0,0,0,1,0,0,1,Pipe,Pipe,FALSE,1,,,3,TRUE,1,1,0,0,0,0,0,10,FALSE,TRUE,2.5,2,3,15,TRUE,TRUE,TRUE,TRUE,TRUE,TRUE,FALSE,2022-07-28,FALSE,,,0,0,0,0,1,0,0,0,TRUE,1,0,0,0,0,0,0,0,0,0,0,1,0,0,0,0,0,0,0,0,1,0,0,0,0,0,0,0,0,0,0,0,0,0,0,0,1,0
Primary caregiver,Female,37,3,1,0,0,0,0,0, $250 ,TRUE,8,1,1,5,1,,,,,,,,,,,Pipe,Pipe,FALSE,1,,,,TRUE,1,0,0,0,0,0,0,10,FALSE,TRUE,2.5,2,2,15,TRUE,TRUE,TRUE,TRUE,TRUE,TRUE,FALSE,2022-06-16,FALSE,,TRUE,0,0,0,0,1,0,0,0,TRUE,1,0,0,0,0,0,0,0,0,0,0,0,0,0,0,0,0,0,1,0,0,0,0,0,0,0,0,0,0,0,0,0,0,0,0,0,1,0
Secondary caregiver,Male,58,2,1,1,0,0,0,1, $450 ,TRUE,9,4,4,0,1,,,,,,,,,,,Pipe,Pipe,FALSE,4,,,31,TRUE,0,1,0,0,0,0,0,,,,,,,15,TRUE,TRUE,TRUE,TRUE,TRUE,TRUE,FALSE,2022-05-23,FALSE,,TRUE,1,1,0,0,1,0,1,0,TRUE,0,0,0,0,1,0,0,0,0,0,0,1,0,0,0,0,0,0,0,0,1,0,0,0,0,0,0,0,0,0,0,0,0,0,0,0,1,0
Other,Female,27,3,1,0,0,0,0,0, $250 ,TRUE,15,5,3,3,4,3,1,1,0,1,0,0,0,0,0,Communal tap,Communal tap,FALSE,4,FALSE,3,30,TRUE,1,0,0,0,0,0,0,10,FALSE,TRUE,2,2,5,30,TRUE,TRUE,TRUE,TRUE,TRUE,TRUE,FALSE,2022-05-19,FALSE,,TRUE,0,0,0,0,0,0,0,1,TRUE,0,0,0,0,0,0,0,0,0,0,0,1,0,0,0,0,0,0,1,0,1,0,0,0,0,0,0,0,0,0,0,0,0,0,0,0,1,0
Primary caregiver,Female,42,2,1,0,0,0,0,0, $150 ,TRUE,8,2,4,2,0,,,,,,,,,,,Surface,Surface,FALSE,,TRUE,2,8,TRUE,1,0,0,0,0,0,0,10,FALSE,TRUE,2.5,2.5,1,30,FALSE,FALSE,FALSE,TRUE,TRUE,FALSE,TRUE,2022-05-13,FALSE,,TRUE,1,0,0,0,0,0,1,0,TRUE,0,0,0,0,0,0,0,0,0,0,0,1,0,0,0,0,0,0,0,0,0,1,0,0,0,0,0,0,0,0,0,0,0,0,0,0,1,0
Primary caregiver,Female,48,2,0,0,0,0,0,1, $150 ,TRUE,11,6,3,2,0,,,,,,,,,,,Truck,Truck,FALSE,,,,,FALSE,,,,,,,,,,,,,,,TRUE,TRUE,TRUE,TRUE,TRUE,TRUE,FALSE,2022-05-28,FALSE,,TRUE,0,1,0,0,0,0,0,0,FALSE,,,,,,,,,,,,,,0,0,0,0,0,0,0,0,1,0,0,0,0,0,0,0,0,0,0,0,0,0,0,1,0
Primary caregiver,Female,50,3,0,0,1,0,0,0, $250 ,TRUE,8,3,4,1,0,1,0,0,0,0,0,0,0,1,0,Surface,Surface,FALSE,,TRUE,4,31,FALSE,,,,,,,,,,,,,,,TRUE,FALSE,FALSE,TRUE,TRUE,FALSE,TRUE,2022-05-14,FALSE,,TRUE,1,1,0,0,0,0,0,0,TRUE,0,0,0,0,0,0,0,1,0,0,0,1,0,0,0,0,0,0,1,0,0,0,1,1,1,0,0,0,0,0,0,0,0,0,0,0,0,0
Primary caregiver,Female,37,2,0,0,0,0,0,0, $-   ,FALSE,12,3,3,4,2,1,0,1,0,0,0,0,0,0,0,Surface,Surface,FALSE,,TRUE,2,12,TRUE,1,0,0,0,0,0,0,10,FALSE,TRUE,2,2,2,60,TRUE,TRUE,FALSE,TRUE,FALSE,FALSE,TRUE,2022-05-27,FALSE,,TRUE,0,1,0,0,1,0,1,0,TRUE,0,0,0,0,0,0,0,0,0,0,0,1,0,1,0,0,0,0,1,0,0,0,0,0,0,0,0,0,0,0,0,0,0,0,0,0,1,0
Secondary caregiver,Male,62,4,0,0,1,0,0,0, $350 ,TRUE,5,3,2,0,0,,,,,,,,,,,Truck,Truck,FALSE,,,,,TRUE,0,1,0,0,0,0,0,,,,,,,30,TRUE,TRUE,TRUE,TRUE,TRUE,FALSE,TRUE,2022-03-23,TRUE,2,TRUE,0,0,0,0,0,0,1,0,FALSE,,,,,,,,,,,,,,0,0,0,0,0,0,0,1,0,0,0,0,0,0,0,0,0,0,0,0,0,0,0,1,0
Primary caregiver,Female,26,3,1,0,0,0,0,0, $450 ,TRUE,9,2,3,1,3,1,0,0,0,0,0,1,0,0,0,Surface,Surface,FALSE,,FALSE,3,,TRUE,0,1,0,0,0,0,0,,,,,,,15,TRUE,TRUE,TRUE,TRUE,FALSE,FALSE,FALSE,2022-05-18,FALSE,,TRUE,1,0,0,0,1,0,0,0,TRUE,0,0,0,0,1,0,0,0,0,0,0,0,0,0,0,0,0,0,0,0,0,1,0,0,0,0,0,0,0,0,0,0,0,0,0,0,1,0
Primary caregiver,Female,25,4,1,0,0,1,0,1, $250 ,TRUE,8,3,3,2,0,,,,,,,,,,,Surface,Surface,FALSE,,TRUE,2,10,TRUE,1,1,0,0,0,0,0,10,FALSE,TRUE,2,2,3,15,TRUE,TRUE,FALSE,TRUE,TRUE,FALSE,TRUE,2022-05-13,FALSE,,TRUE,1,0,0,0,1,0,0,0,TRUE,1,0,0,0,0,0,0,0,0,0,0,1,0,0,0,0,0,0,0,0,1,0,0,0,0,0,0,0,0,0,0,0,0,0,0,0,1,0
Other,Male,29,3,0,0,0,1,0,0, $-   ,TRUE,12,3,3,2,4,2,0,1,0,1,0,0,0,0,0,Surface,Surface,FALSE,,FALSE,4,,TRUE,1,0,0,0,0,0,0,20,FALSE,TRUE,2,2,2,15,TRUE,TRUE,TRUE,TRUE,TRUE,TRUE,TRUE,2022-05-13,FALSE,,TRUE,1,1,0,0,0,0,0,0,TRUE,0,0,0,0,1,0,0,0,0,0,0,0,0,0,0,0,0,0,0,0,1,0,1,0,0,0,0,0,0,0,0,0,0,0,0,0,0,0
Secondary caregiver,Female,60,2,1,0,0,0,0,0, $75 ,TRUE,4,1,2,1,0,,,,,,,,,,,Communal tap,Surface,TRUE,,FALSE,1,10,FALSE,,,,,,,,,,,,,,,FALSE,TRUE,TRUE,TRUE,TRUE,TRUE,TRUE,2022-05-10,FALSE,,TRUE,0,1,0,0,0,0,0,0,TRUE,0,0,0,0,0,0,0,0,0,0,0,1,0,0,0,0,0,0,0,1,1,0,0,0,0,0,0,0,0,0,0,0,0,0,0,0,1,0
Secondary caregiver,Female,29,4,1,0,0,0,0,1, $450 ,FALSE,6,3,2,1,0,,,,,,,,,,,Truck,Truck,FALSE,,,,10,FALSE,,,,,,,,,,,,,,,,FALSE,,,,,,2022-03-16,TRUE,6,TRUE,0,1,0,0,0,0,1,0,TRUE,1,0,1,0,0,0,0,0,0,0,0,0,0,0,0,0,0,0,1,0,1,0,1,0,0,0,1,0,0,0,0,0,0,0,1,0,0,0
Secondary caregiver,Female,27,4,0,0,0,1,0,1, $-   ,TRUE,5,2,2,1,0,,,,,,,,,,,Surface,Surface,FALSE,,FALSE,4,3,FALSE,,,,,,,,,,,,,,,TRUE,TRUE,FALSE,TRUE,TRUE,TRUE,TRUE,2022-06-15,FALSE,,TRUE,0,0,1,0,1,0,0,0,TRUE,1,0,0,0,1,0,0,0,0,0,0,0,0,1,0,0,0,0,0,0,0,0,1,0,0,0,0,0,0,0,0,0,0,0,1,0,1,0
Primary caregiver,Female,48,3,0,0,0,1,0,0, $-   ,FALSE,5,3,3,1,0,1,0,0,0,0,0,0,0,1,0,Surface,Surface,FALSE,,TRUE,4,,FALSE,,,,,,,,,,,,,,,TRUE,FALSE,TRUE,TRUE,TRUE,TRUE,FALSE,2022-05-17,FALSE,,TRUE,0,1,1,0,1,1,0,0,TRUE,1,0,0,0,0,0,0,0,0,0,0,1,0,1,0,0,0,0,0,1,0,0,0,0,0,1,1,0,0,0,0,0,0,1,0,0,0,0
Primary caregiver,Male,50,0,0,0,0,1,0,1, $150 ,TRUE,4,1,1,2,0,2,0,0,0,0,0,1,0,0,1,Surface,Surface,FALSE,,TRUE,2,,FALSE,,,,,,,,,,,,,,,TRUE,TRUE,TRUE,TRUE,TRUE,TRUE,TRUE,2022-05-13,FALSE,,TRUE,0,1,0,0,0,0,1,0,TRUE,0,0,0,0,1,0,0,0,0,0,1,1,0,1,0,0,0,0,0,0,0,0,0,0,0,0,0,0,0,0,0,0,1,0,0,0,1,0
Secondary caregiver,Female,27,3,1,0,0,0,0,0, $75 ,TRUE,5,1,2,0,2,1,0,0,0,1,0,0,0,0,0,Communal tap,Communal tap,FALSE,3,FALSE,2,10,FALSE,,,,,,,,,,,,,,,TRUE,TRUE,TRUE,TRUE,TRUE,TRUE,FALSE,2022-07-13,FALSE,,TRUE,0,1,0,0,1,0,0,0,TRUE,1,0,0,0,0,0,0,0,0,0,0,0,0,0,0,0,0,0,1,0,0,0,0,0,0,0,0,0,0,0,0,0,0,0,1,0,1,0
Secondary caregiver,Female,36,3,0,0,1,0,0,0, $250 ,TRUE,5,2,1,2,0,1,0,0,0,0,0,1,0,0,1,Surface,Surface,FALSE,,FALSE,1,3,TRUE,1,0,1,0,0,0,0,10,FALSE,TRUE,2,2,4,15,TRUE,FALSE,FALSE,FALSE,FALSE,TRUE,TRUE,2022-03-16,FALSE,,TRUE,0,1,0,0,0,0,1,0,TRUE,0,0,0,0,0,0,0,0,0,0,0,1,0,0,0,0,0,0,0,1,1,0,1,1,0,0,0,0,0,0,0,0,0,0,0,0,0,0
Primary caregiver,Female,38,3,0,0,0,1,1,0, $-   ,TRUE,5,1,1,2,1,2,0,1,0,1,0,0,0,0,0,Protected well,Protected well,FALSE,,,,,TRUE,1,0,0,0,0,0,0,10,FALSE,TRUE,2.5,2,1,15,TRUE,TRUE,TRUE,TRUE,TRUE,TRUE,FALSE,2022-05-25,FALSE,,TRUE,1,0,0,0,1,0,0,0,TRUE,1,0,0,0,0,0,0,0,0,0,0,0,1,0,0,0,0,0,1,0,0,0,0,0,0,0,0,0,0,0,0,0,0,1,0,0,1,0
Secondary caregiver,Female,28,4,0,0,1,0,0,0, $-   ,TRUE,4,0,1,3,0,1,0,0,0,0,0,0,0,0,1,Pipe,Pipe,FALSE,4,,,20,FALSE,,,,,,,,,,,,,,,TRUE,TRUE,FALSE,FALSE,FALSE,FALSE,FALSE,2022-05-13,FALSE,,TRUE,1,0,0,0,0,0,0,0,TRUE,0,0,0,0,1,0,0,0,0,0,0,0,0,1,0,0,0,0,0,0,0,0,0,0,0,0,1,0,0,0,0,0,0,0,0,0,1,0
Secondary caregiver,Female,43,3,1,0,0,1,0,0, $-   ,TRUE,7,3,2,1,1,3,0,0,0,1,0,1,0,0,1,Pipe,Pipe,FALSE,1,,,,TRUE,1,1,0,0,0,0,0,10,FALSE,TRUE,2,2,2,15,TRUE,TRUE,TRUE,TRUE,TRUE,TRUE,FALSE,2022-06-16,FALSE,,TRUE,1,1,0,0,1,0,1,0,TRUE,1,0,0,0,0,0,0,1,0,0,0,1,0,0,0,0,0,0,0,1,0,0,1,0,0,0,0,0,0,0,0,0,1,1,0,0,0,0
Other,Female,23,4,0,0,1,0,0,1, $150 ,FALSE,10,4,6,0,0,,,,,,,,,,,Surface,Surface,FALSE,,FALSE,3,12,FALSE,,,,,,,,,,,,,,,TRUE,TRUE,TRUE,TRUE,TRUE,TRUE,TRUE,2022-07-06,FALSE,,TRUE,0,1,0,0,1,0,0,0,TRUE,0,0,0,0,1,0,0,1,0,0,0,0,0,0,0,0,0,0,1,0,0,0,0,0,0,0,0,0,0,0,0,0,0,0,0,0,1,0
Primary caregiver,Female,39,4,0,0,1,1,0,0, $150 ,TRUE,8,2,1,4,1,4,0,0,0,0,1,0,1,1,1,Pipe,Pipe,FALSE,1,,,,TRUE,1,1,0,0,0,0,0,10,FALSE,TRUE,5,2,5,15,TRUE,TRUE,TRUE,TRUE,TRUE,TRUE,FALSE,2022-06-17,FALSE,,TRUE,0,0,1,0,0,0,0,0,TRUE,1,0,0,0,0,0,0,1,0,0,0,0,0,0,0,0,0,0,0,1,0,0,0,0,0,0,0,1,1,0,0,0,1,0,0,0,1,0
Primary caregiver,Female,53,4,0,0,1,1,0,0, $350 ,TRUE,10,4,3,1,2,1,0,0,0,0,1,0,0,0,0,Pipe,Pipe,FALSE,2,,,10,FALSE,,,,,,,,,,,,,,,TRUE,FALSE,TRUE,FALSE,FALSE,FALSE,FALSE,2022-05-26,FALSE,,TRUE,1,0,1,0,1,0,0,0,TRUE,1,0,0,0,1,0,0,0,0,0,0,0,0,1,0,0,0,0,0,0,0,0,0,0,0,0,1,0,1,0,0,0,0,0,0,0,1,0
Secondary caregiver,Female,36,2,1,0,1,0,0,0, $250 ,TRUE,5,2,1,1,1,1,0,1,0,0,0,0,0,0,0,Pipe,Pipe,FALSE,1,,,10,FALSE,,,,,,,,,,,,,,,FALSE,TRUE,TRUE,TRUE,TRUE,TRUE,FALSE,2022-06-17,FALSE,,TRUE,0,1,0,0,1,0,0,0,TRUE,1,0,0,0,0,1,0,1,0,0,0,0,0,0,0,0,0,0,0,1,0,0,1,0,0,0,0,0,0,0,0,0,0,1,0,0,1,0
Primary caregiver,Female,32,4,0,0,1,0,0,0, $750 ,TRUE,4,1,1,1,1,1,0,0,1,0,0,0,0,0,0,Truck,Truck,FALSE,,,,,TRUE,1,1,0,0,0,0,0,10,FALSE,TRUE,2,3.5,2,30,TRUE,TRUE,TRUE,TRUE,TRUE,TRUE,FALSE,2022-05-01,FALSE,,TRUE,1,1,1,0,1,0,0,0,TRUE,1,0,0,0,1,0,1,1,0,0,0,0,0,0,0,0,0,0,0,0,0,1,1,0,0,0,0,0,0,0,0,0,1,0,1,0,1,0
Primary caregiver,Female,67,4,0,0,1,0,0,0, $350 ,TRUE,4,0,3,0,1,1,,,,,,,,,,Truck,Truck,FALSE,,,,,FALSE,,,,,,,,,,,,,,,TRUE,TRUE,FALSE,TRUE,TRUE,TRUE,FALSE,2022-05-13,FALSE,,TRUE,0,1,1,0,1,0,0,0,TRUE,1,0,0,0,0,0,0,1,0,0,1,0,0,0,0,0,0,0,0,1,1,0,0,0,0,1,0,0,0,0,0,0,1,0,0,0,1,0
Primary caregiver,Female,67,0,0,0,0,1,0,0, $250 ,TRUE,8,1,4,1,2,2,1,0,1,0,0,0,0,0,0,Pipe,Pipe,FALSE,1,,,,TRUE,1,0,0,0,0,0,0,10,FALSE,TRUE,3.5,2,2,15,TRUE,TRUE,TRUE,TRUE,TRUE,TRUE,FALSE,2022-05-01,FALSE,,TRUE,1,1,0,0,1,0,0,0,TRUE,1,0,0,0,1,0,1,0,0,0,0,0,0,1,0,0,0,0,1,0,0,0,0,0,0,0,0,0,0,0,0,0,0,0,0,0,1,0
Primary caregiver,Female,48,3,0,0,0,1,0,0, $450 ,TRUE,5,1,1,1,2,1,1,0,0,0,0,0,0,0,0,Surface,Surface,FALSE,,TRUE,2,10,FALSE,,,,,,,,,,,,,,,FALSE,TRUE,TRUE,TRUE,TRUE,TRUE,FALSE,2022-05-01,FALSE,,TRUE,1,1,1,0,1,1,0,0,TRUE,1,0,0,0,0,0,0,1,1,0,0,0,0,0,1,0,0,0,1,0,0,0,0,0,0,1,0,0,0,0,0,0,1,1,0,0,1,0
Primary caregiver,Female,53,3,0,0,1,0,0,1, $750 ,TRUE,6,2,2,1,1,1,0,0,0,1,0,0,0,0,0,Truck,Truck,FALSE,,,,,TRUE,1,0,0,0,0,0,0,10,TRUE,FALSE,,,,60,TRUE,TRUE,FALSE,TRUE,TRUE,TRUE,FALSE,2022-08-17,FALSE,,TRUE,1,0,1,0,1,0,0,0,TRUE,1,0,0,0,0,0,0,0,0,0,0,1,0,0,0,0,0,0,1,0,0,0,0,0,0,0,0,0,1,0,0,0,0,0,0,0,1,0
Primary caregiver,Male,32,4,0,0,1,0,0,0, $750 ,TRUE,4,1,1,2,0,1,0,0,1,0,0,0,0,0,0,Truck,Surface,TRUE,,TRUE,1,,TRUE,1,0,0,0,0,0,0,10,FALSE,TRUE,2,2,1,15,FALSE,TRUE,FALSE,TRUE,TRUE,FALSE,FALSE,2022-05-13,FALSE,,FALSE,1,1,0,0,1,1,0,0,TRUE,1,1,0,0,0,0,0,1,0,0,0,0,0,0,0,0,0,0,1,1,0,0,0,0,0,0,1,0,0,0,0,0,1,0,0,0,1,0
Primary caregiver,Female,40,3,0,0,1,0,0,0, $450 ,TRUE,8,1,1,3,3,2,0,0,0,0,0,1,0,0,0,,,FALSE,,,,,,,,,,,,,,,,,,,,,,,,,,,,,,,,,,,,,,,,,,,,,,,,,,,,,,,,,,,,,,,,,,,,,,,,,,,,,
Other,Female,20,2,0,0,0,0,0,1, $250 ,TRUE,8,1,2,4,1,2,0,0,0,1,0,0,0,1,0,Pipe,Pipe,FALSE,1,,,,TRUE,0,1,0,0,0,0,0,,,,,,,15,TRUE,TRUE,TRUE,TRUE,TRUE,TRUE,FALSE,2022-05-18,FALSE,,TRUE,1,1,0,0,1,0,0,0,TRUE,1,0,0,0,1,0,1,1,0,0,0,0,0,0,0,0,0,0,1,0,0,0,0,0,0,0,0,0,0,0,0,0,0,0,0,0,1,0
Primary caregiver,Female,59,2,0,0,0,0,0,1, $150 ,TRUE,10,3,4,2,1,1,0,1,0,0,0,0,0,0,0,Pipe,Pipe,FALSE,1,,,2,FALSE,,,,,,,,,,,,,,,TRUE,TRUE,TRUE,TRUE,TRUE,TRUE,FALSE,,FALSE,,TRUE,1,1,0,0,1,0,0,0,TRUE,1,0,0,0,1,0,0,1,0,0,0,0,0,1,0,0,0,0,1,0,0,0,0,0,0,0,0,0,0,0,0,0,1,0,0,0,0,0
Primary caregiver,Male,43,3,0,0,1,0,0,0, $350 ,TRUE,5,1,1,2,1,3,0,1,0,1,0,1,0,0,0,,,FALSE,,,,,,,,,,,,,,,,,,,,,,,,,,,,,,,,,,,,,,,,,,,,,,,,,,,,,,,,,,,,,,,,,,,,,,,,,,,,,
Primary caregiver,Female,33,4,0,0,1,0,0,0, $750 ,TRUE,9,3,3,2,1,1,0,0,1,0,0,0,0,0,0,Protected well,Protected well,FALSE,,,,17,TRUE,1,1,0,0,0,0,0,10,TRUE,TRUE,2.5,2,3,,TRUE,TRUE,FALSE,TRUE,TRUE,TRUE,FALSE,2022-05-23,FALSE,,TRUE,1,1,1,0,0,0,0,0,TRUE,1,0,0,0,1,0,0,0,0,0,0,0,0,0,0,0,0,0,0,0,1,0,1,0,0,0,0,0,0,0,0,0,0,0,0,0,1,0
Primary caregiver,Male,35,4,0,0,1,0,0,0, $75 ,TRUE,2,1,1,0,0,,,,,,,,,,,Surface,Surface,FALSE,,FALSE,2,3,FALSE,,,,,,,,,,,,,,,TRUE,TRUE,TRUE,TRUE,TRUE,TRUE,FALSE,2022-05-23,FALSE,,TRUE,1,1,0,0,0,0,0,0,TRUE,0,0,0,0,1,0,0,0,0,0,0,0,0,1,0,0,0,0,0,0,0,0,1,0,0,0,0,0,0,0,0,0,0,0,0,0,1,0
Primary caregiver,Female,61,1,0,0,0,0,0,1, $150 ,TRUE,2,1,1,0,0,,,,,,,,,,,Truck,Truck,FALSE,,,,4,TRUE,0,1,1,0,0,0,0,,,,,,,15,TRUE,TRUE,TRUE,TRUE,TRUE,TRUE,TRUE,2022-08-23,FALSE,,TRUE,1,1,0,0,1,0,0,0,TRUE,0,0,0,0,1,1,0,0,0,0,0,0,0,0,0,0,0,0,0,0,1,0,1,0,0,0,0,0,0,0,0,0,0,0,0,0,1,0
Primary caregiver,Female,32,4,1,0,1,0,0,0, $150 ,TRUE,8,1,4,2,1,1,0,1,0,0,0,0,0,0,0,Surface,Surface,FALSE,,FALSE,1,,TRUE,1,1,0,0,0,0,0,10,FALSE,TRUE,2,2,1,,TRUE,TRUE,TRUE,TRUE,TRUE,TRUE,FALSE,2022-05-23,FALSE,,TRUE,1,1,0,0,1,0,0,0,TRUE,1,0,0,0,1,1,0,0,0,0,0,0,0,0,0,0,0,0,1,0,0,0,0,0,0,0,0,0,0,0,0,0,0,0,1,0,1,0
Primary caregiver,Female,54,3,0,0,0,0,1,0, $150 ,TRUE,4,2,2,0,0,,,,,,,,,,,Truck,Truck,FALSE,,,,,FALSE,,,,,,,,,,,,,,,TRUE,TRUE,TRUE,TRUE,TRUE,TRUE,FALSE,2022-05-23,FALSE,,TRUE,1,0,0,0,0,0,0,0,TRUE,0,0,0,0,1,0,0,0,0,0,0,0,0,0,0,0,0,0,1,0,0,0,0,0,0,0,0,0,0,0,0,0,0,0,0,0,1,0
Primary caregiver,Female,25,3,0,0,0,1,0,0, $25 ,TRUE,8,2,4,0,2,1,1,0,0,0,0,0,0,0,0,Surface,Surface,FALSE,,FALSE,2,7,TRUE,1,0,0,0,0,0,0,10,FALSE,TRUE,2.5,2,3,15,TRUE,TRUE,TRUE,TRUE,TRUE,TRUE,FALSE,2022-05-24,FALSE,,TRUE,1,1,0,0,1,0,0,0,TRUE,1,1,0,0,1,0,0,0,0,0,0,0,0,0,0,0,0,0,1,0,0,0,1,0,0,0,0,0,0,0,0,0,0,0,0,0,1,0
Primary caregiver,Female,29,4,0,1,0,0,0,0, $75 ,TRUE,10,4,4,1,1,,,,,,,,,,,Surface,Surface,FALSE,,FALSE,2,5,TRUE,1,0,0,0,0,0,0,10,FALSE,TRUE,2,2,1,15,TRUE,TRUE,TRUE,TRUE,TRUE,TRUE,FALSE,2022-05-24,FALSE,,TRUE,1,1,0,0,0,0,0,0,TRUE,1,0,0,0,1,0,0,0,0,0,0,0,0,0,0,0,0,0,1,0,0,0,1,0,0,0,0,0,0,0,0,0,0,0,0,0,1,0
Primary caregiver,Female,61,,0,0,1,0,0,0, $250 ,TRUE,4,1,3,0,0,,,,,,,,,,,Surface,Surface,FALSE,,FALSE,2,,TRUE,1,1,0,0,0,0,0,10,FALSE,TRUE,2.5,2,2,30,TRUE,TRUE,TRUE,TRUE,TRUE,TRUE,FALSE,2022-05-24,FALSE,,TRUE,1,1,1,0,0,0,0,0,TRUE,0,0,0,1,1,1,0,0,0,0,0,0,0,0,0,0,0,0,1,0,0,0,1,0,0,0,0,0,0,0,0,0,0,0,0,0,1,0
Primary caregiver,Female,46,2,1,0,1,1,0,0, $75 ,TRUE,11,2,3,4,2,2,0,1,1,0,0,0,0,0,0,Surface,Surface,FALSE,,FALSE,2,,TRUE,1,0,0,0,0,0,0,10,FALSE,TRUE,2,2,1,15,TRUE,TRUE,TRUE,TRUE,TRUE,TRUE,FALSE,2022-05-24,FALSE,,TRUE,1,1,0,0,0,0,0,0,TRUE,1,0,0,0,1,0,0,0,0,0,0,0,0,0,0,0,0,0,0,0,1,0,1,1,0,0,0,0,0,0,0,0,0,0,0,0,1,0
Primary caregiver,Male,45,0,1,0,0,1,0,0, $150 ,TRUE,7,3,3,1,0,1,0,0,0,0,1,0,0,0,0,Surface,Surface,FALSE,,FALSE,2,,FALSE,,,,,,,,,,,,,,,TRUE,FALSE,FALSE,FALSE,TRUE,TRUE,FALSE,2022-05-24,TRUE,4,,1,1,0,0,1,0,0,0,TRUE,0,0,0,0,1,0,0,0,0,0,0,1,0,0,0,0,0,0,1,0,0,0,1,1,0,0,0,0,0,0,0,0,0,0,0,0,1,0
Primary caregiver,Female,54,,0,0,0,1,0,1, $250 ,TRUE,4,1,3,0,0,,,,,,,,,,,Unprotected well,Unprotected well,FALSE,,,,15,TRUE,1,1,0,0,0,0,0,20,FALSE,TRUE,2.5,2.5,5,15,TRUE,TRUE,TRUE,TRUE,TRUE,TRUE,FALSE,2022-05-25,TRUE,3,TRUE,1,1,0,0,1,0,0,0,TRUE,0,0,0,0,1,0,0,0,0,0,1,0,0,0,0,0,0,0,1,0,0,0,0,0,0,0,0,0,0,0,0,0,0,0,0,0,1,0
Secondary caregiver,Male,64,,0,0,1,1,0,0, $150 ,TRUE,6,3,3,0,0,,,,,,,,,,,Surface,Surface,FALSE,,FALSE,2,,FALSE,,,,,,,,,,,,,,,TRUE,TRUE,TRUE,TRUE,TRUE,TRUE,FALSE,2022-05-26,FALSE,,TRUE,1,1,0,0,0,0,0,0,TRUE,0,0,0,0,1,1,0,0,0,0,0,0,0,0,0,0,0,0,1,0,0,0,0,0,0,0,0,0,0,0,0,0,0,0,0,0,1,0
Other,Female,51,3,0,0,1,0,0,0, $350 ,TRUE,3,1,2,0,0,,,,,,,,,,,Surface,Surface,FALSE,,TRUE,2,30,FALSE,,,,,,,,,,,,,,,TRUE,TRUE,FALSE,TRUE,TRUE,FALSE,TRUE,2022-05-16,FALSE,,TRUE,0,1,1,0,1,0,0,0,TRUE,1,1,0,0,0,0,0,1,0,0,0,0,0,0,0,0,0,0,1,0,0,0,1,0,0,0,0,0,0,0,0,0,0,0,0,0,1,0
Other,Female,25,3,0,0,0,1,0,1, $-   ,TRUE,6,1,4,0,1,1,0,0,0,0,1,0,0,0,0,Surface,Surface,FALSE,,FALSE,2,0,TRUE,0,1,0,0,0,0,0,,,,,,,30,TRUE,TRUE,TRUE,TRUE,TRUE,TRUE,FALSE,2022-05-14,FALSE,,TRUE,0,1,1,0,1,0,0,0,TRUE,1,1,0,0,1,0,0,1,0,0,0,0,0,0,0,0,0,0,1,0,0,0,0,0,0,0,0,0,0,0,0,0,1,0,0,0,1,0
Primary caregiver,Female,24,2,0,0,0,0,0,1, $75 ,FALSE,3,1,1,0,1,1,1,0,0,0,0,0,0,0,0,Surface,Surface,FALSE,,FALSE,1,30,FALSE,,,,,,,,,,,,,,,TRUE,TRUE,TRUE,TRUE,TRUE,TRUE,FALSE,2022-05-19,FALSE,,TRUE,0,1,0,0,1,0,0,0,TRUE,1,1,0,0,1,0,0,1,0,0,0,0,0,0,0,0,0,0,1,0,0,0,1,0,0,0,0,0,0,0,0,0,1,0,0,0,0,0
Primary caregiver,Female,25,3,1,0,0,0,0,0, $450 ,TRUE,4,1,1,2,0,1,1,0,0,0,0,0,0,0,0,Surface,Surface,FALSE,,FALSE,2,0,FALSE,,,,,,,,,,,,,,,TRUE,TRUE,TRUE,TRUE,TRUE,TRUE,FALSE,2022-05-23,FALSE,,TRUE,0,1,0,0,1,0,0,0,TRUE,1,1,0,0,0,0,0,0,0,0,0,1,0,0,0,0,0,0,0,0,0,1,0,0,0,0,0,0,0,0,0,0,0,0,0,0,1,0
Primary caregiver,Female,31,2,0,0,0,0,0,1, $750 ,TRUE,4,1,1,1,1,2,1,0,0,0,0,0,1,0,0,Pipe,Pipe,FALSE,4,,,,FALSE,,,,,,,,,,,,,,,TRUE,TRUE,FALSE,FALSE,TRUE,TRUE,TRUE,2022-05-10,TRUE,1,TRUE,0,1,0,0,1,0,0,0,TRUE,1,0,0,0,0,0,0,0,0,0,0,0,0,0,0,0,0,0,1,0,0,0,1,1,0,0,0,0,0,0,0,0,0,0,1,0,0,0
Primary caregiver,Male,36,4,0,0,1,0,0,0, $750 ,TRUE,4,1,1,1,1,1,0,1,0,0,0,0,0,0,0,Pipe,Pipe,FALSE,3,,,,TRUE,1,0,0,0,0,0,0,30,FALSE,TRUE,2,3.5,2,30,TRUE,TRUE,TRUE,TRUE,TRUE,TRUE,FALSE,2022-06-11,FALSE,,TRUE,0,0,0,0,0,0,0,1,FALSE,,,,,,,,,,,,,,0,0,0,0,0,0,0,0,1,0,0,0,0,0,0,0,0,0,0,0,0,0,0,1,0
Primary caregiver,Female,51,1,0,0,1,0,0,0, $250 ,TRUE,6,2,2,1,1,4,0,1,1,0,0,0,1,0,1,Pipe,Pipe,FALSE,4,,,,TRUE,0,1,0,0,0,0,0,,,,,,,15,TRUE,TRUE,TRUE,TRUE,TRUE,TRUE,FALSE,2022-06-08,TRUE,1,TRUE,0,1,0,0,1,0,0,0,TRUE,0,0,0,0,1,0,0,0,0,0,0,0,0,0,0,0,0,0,0,1,0,0,0,0,0,1,0,0,0,0,0,0,0,0,1,0,0,0
Other,Female,30,4,1,0,0,0,0,0, $25 ,TRUE,5,1,3,0,1,1,1,0,0,0,0,0,0,0,0,Communal tap,Communal tap,FALSE,3,FALSE,3,,TRUE,1,1,0,0,0,0,0,10,,,,,,30,TRUE,TRUE,TRUE,TRUE,TRUE,TRUE,FALSE,2022-05-17,FALSE,,FALSE,1,1,0,0,1,0,0,0,TRUE,1,0,0,0,1,0,0,0,0,0,0,0,0,0,0,0,0,0,0,0,0,1,0,0,0,0,0,0,0,0,0,0,0,0,0,0,1,0
Primary caregiver,Female,39,3,0,0,1,0,0,0, $150 ,TRUE,4,1,1,1,1,1,0,0,0,1,0,0,0,0,0,Pipe,Pipe,FALSE,4,,,,TRUE,1,0,0,0,0,0,0,10,FALSE,TRUE,2,2.5,1,30,TRUE,TRUE,TRUE,TRUE,TRUE,TRUE,FALSE,2022-06-08,FALSE,,TRUE,1,1,0,0,0,0,0,0,TRUE,1,0,0,0,0,0,0,0,0,0,0,0,0,0,0,0,0,0,1,0,0,0,0,0,0,0,0,0,0,0,0,0,0,0,0,0,1,0
Secondary caregiver,Female,46,2,0,0,1,0,0,0, $150 ,TRUE,3,1,1,1,0,1,0,0,1,0,0,0,0,0,0,Pipe,Pipe,FALSE,3,,,,TRUE,1,0,0,0,0,0,0,20,FALSE,TRUE,2,2.5,1,30,TRUE,TRUE,TRUE,TRUE,TRUE,TRUE,FALSE,2022-06-04,FALSE,,FALSE,0,0,0,0,1,0,0,0,TRUE,1,0,0,0,0,0,0,0,0,0,0,0,0,0,0,0,0,0,1,0,0,0,0,0,0,0,0,0,0,0,0,0,0,0,0,0,1,0
Other,Male,34,3,0,0,1,0,0,0, $250 ,TRUE,9,2,2,2,3,1,0,0,1,0,0,0,0,0,0,Pipe,Pipe,FALSE,4,,,,TRUE,1,0,0,0,0,0,0,10,FALSE,TRUE,2,5,2,15,TRUE,TRUE,TRUE,TRUE,TRUE,TRUE,FALSE,2022-07-11,FALSE,,TRUE,0,1,0,1,0,1,0,0,TRUE,1,0,0,0,1,0,1,0,0,0,0,0,0,1,0,0,0,0,0,0,0,0,1,0,0,0,0,0,0,0,0,0,0,1,0,0,0,0
Secondary caregiver,Female,66,0,0,0,1,0,0,0, $250 ,TRUE,8,3,3,1,1,1,0,0,0,0,1,0,0,0,0,Pipe,Pipe,FALSE,4,,,,TRUE,1,0,0,0,0,0,0,10,FALSE,TRUE,2,2,2,15,TRUE,TRUE,TRUE,TRUE,TRUE,TRUE,FALSE,2022-07-13,FALSE,,FALSE,1,1,0,0,0,0,0,0,TRUE,1,0,0,0,1,0,0,0,0,0,0,0,0,0,0,0,0,0,1,0,0,0,0,0,0,0,0,0,0,0,0,0,0,0,0,0,1,0
Primary caregiver,Male,68,3,0,0,1,0,0,0, $450 ,TRUE,7,4,3,0,0,,,,,,,,,,,Communal tap,Communal tap,FALSE,3,FALSE,3,,TRUE,1,1,0,0,0,0,0,10,FALSE,TRUE,2,2.5,3,15,TRUE,TRUE,TRUE,TRUE,TRUE,TRUE,FALSE,2022-07-06,FALSE,,TRUE,1,1,0,1,0,0,0,0,TRUE,1,0,0,0,1,0,0,0,0,0,0,0,0,0,0,0,0,0,1,0,0,0,1,0,0,0,0,0,0,0,0,0,0,1,1,0,0,0
Secondary caregiver,Male,58,1,0,0,1,0,0,0, $250 ,TRUE,13,3,3,4,3,2,1,0,0,1,0,0,0,0,0,Pipe,Pipe,FALSE,3,,,,FALSE,,,,,,,,,,,,,,,TRUE,TRUE,TRUE,TRUE,TRUE,TRUE,FALSE,2022-07-12,FALSE,,FALSE,0,1,0,1,0,1,0,0,TRUE,1,0,0,0,1,0,0,1,0,0,0,0,0,1,0,0,0,0,1,0,0,0,1,0,0,0,0,0,0,0,0,0,0,0,0,0,1,0
Primary caregiver,Female,41,4,0,0,1,0,0,0, $450 ,TRUE,10,3,3,1,3,1,0,0,0,1,0,0,0,0,0,Surface,Surface,FALSE,,FALSE,2,,TRUE,1,0,0,0,0,0,0,10,FALSE,TRUE,2.5,2,2,15,TRUE,TRUE,TRUE,TRUE,TRUE,TRUE,FALSE,2022-07-02,FALSE,,FALSE,1,0,0,1,0,0,0,0,TRUE,1,1,0,0,1,0,0,0,0,0,0,0,0,0,0,0,0,0,1,0,0,0,1,0,0,0,0,0,0,0,0,0,0,0,0,0,1,0
Primary caregiver,Female,37,4,0,0,1,0,0,0, $350 ,TRUE,9,3,2,3,1,2,0,1,0,0,1,0,0,0,0,Pipe,Pipe,FALSE,3,,,,TRUE,0,1,0,0,0,0,0,,,,,,,30,TRUE,TRUE,TRUE,TRUE,TRUE,TRUE,FALSE,2022-05-22,FALSE,,FALSE,0,0,0,0,0,0,1,0,TRUE,0,0,0,0,0,0,0,0,0,0,0,0,1,0,0,0,0,0,0,0,0,1,0,0,0,0,0,0,0,0,0,0,0,0,0,0,1,0
Other,Female,29,4,1,0,0,0,0,0, $150 ,TRUE,3,1,2,0,0,,,,,,,,,,,Pipe,Pipe,FALSE,3,,,,TRUE,1,0,0,0,0,0,0,30,FALSE,TRUE,5,2,2,15,TRUE,TRUE,TRUE,TRUE,TRUE,TRUE,FALSE,2022-06-15,FALSE,,TRUE,0,0,0,0,0,0,1,0,TRUE,0,0,0,0,0,0,0,0,0,0,0,1,0,0,0,0,0,0,0,0,1,0,0,0,0,0,0,0,0,0,0,0,0,0,0,0,1,0
Secondary caregiver,Male,32,3,1,0,0,1,0,0," $1,000 ",TRUE,6,1,2,3,0,2,1,0,0,0,0,0,1,0,0,Pipe,Pipe,FALSE,1,,,,TRUE,1,0,0,0,0,0,0,10,FALSE,TRUE,2,2,2,30,TRUE,TRUE,TRUE,TRUE,FALSE,TRUE,TRUE,2022-06-27,FALSE,,,1,1,0,0,0,0,0,0,TRUE,0,0,0,0,1,0,0,1,0,0,0,0,0,0,0,0,0,0,1,0,0,0,1,1,0,0,0,0,0,0,0,0,0,0,0,0,1,0
Primary caregiver,Female,50,4,0,0,1,0,0,0, $750 ,TRUE,4,1,1,1,1,2,0,0,0,0,0,0,1,0,1,Surface,Surface,FALSE,,TRUE,2,,TRUE,1,0,0,0,0,0,0,30,FALSE,TRUE,3.5,2.5,2,30,TRUE,TRUE,TRUE,TRUE,TRUE,TRUE,TRUE,2022-06-22,FALSE,,,1,0,0,0,1,0,0,0,TRUE,1,0,0,0,1,0,0,1,0,0,0,0,0,0,0,0,0,0,1,0,0,0,0,0,0,0,1,0,0,0,0,0,0,0,0,0,1,0
Primary caregiver,Female,51,3,0,0,1,0,0,0, $250 ,TRUE,2,1,1,0,0,,,,,,,,,,,Pipe,Pipe,FALSE,3,,,,FALSE,,,,,,,,,,,,,,,TRUE,TRUE,TRUE,TRUE,TRUE,TRUE,FALSE,2022-04-13,FALSE,,TRUE,0,1,0,0,0,1,0,0,TRUE,1,0,0,1,0,0,0,1,0,0,0,0,0,0,1,0,0,0,0,0,0,0,1,1,0,0,0,0,0,0,0,0,0,0,1,0,0,0
Primary caregiver,Female,58,,0,0,1,0,0,0, $350 ,TRUE,2,1,1,0,0,,,,,,,,,,,Pipe,Pipe,FALSE,3,,,6,FALSE,,,,,,,,,,,,,,,TRUE,TRUE,TRUE,TRUE,TRUE,TRUE,FALSE,2022-06-08,FALSE,,TRUE,1,1,0,0,0,0,0,0,TRUE,1,1,0,0,0,0,0,0,0,0,0,0,0,0,0,0,0,0,0,1,0,0,0,0,0,0,0,1,0,0,0,0,0,0,1,0,1,0
Primary caregiver,Female,48,3,0,0,1,0,0,0, $250 ,TRUE,4,1,1,1,1,2,0,0,0,1,0,0,0,0,1,Pipe,Pipe,FALSE,1,,,2,TRUE,1,0,0,0,0,0,0,10,FALSE,TRUE,2.5,2,2,15,TRUE,TRUE,TRUE,TRUE,TRUE,TRUE,FALSE,2022-06-14,FALSE,,TRUE,1,1,1,1,0,1,0,0,TRUE,0,0,0,0,1,1,0,0,0,0,0,0,0,0,0,0,0,0,1,0,0,0,0,0,0,0,0,0,0,0,0,0,0,0,0,0,1,0
Primary caregiver,Female,57,,1,0,1,0,0,0, $250 ,TRUE,2,1,1,0,0,,,,,,,,,,,Surface,Surface,FALSE,,FALSE,1,,TRUE,1,1,0,0,0,0,0,10,FALSE,TRUE,2,2,1,30,TRUE,TRUE,FALSE,FALSE,TRUE,TRUE,FALSE,2022-05-23,FALSE,,TRUE,0,1,1,0,0,0,0,0,TRUE,0,0,0,0,1,0,0,0,0,0,1,0,0,0,0,0,0,0,0,1,0,0,0,0,0,0,1,0,0,0,0,0,0,0,0,0,1,0
Primary caregiver,Male,67,0,0,0,0,0,0,1, $250 ,TRUE,2,2,0,0,0,,,,,,,,,,,Truck,Truck,FALSE,,,,6,FALSE,,,,,,,,,,,,,,,TRUE,TRUE,TRUE,TRUE,TRUE,TRUE,FALSE,2022-05-10,FALSE,,TRUE,0,0,0,0,1,1,0,0,TRUE,0,0,0,0,0,0,0,1,0,0,0,0,0,0,0,0,0,0,0,1,0,0,0,0,0,0,0,0,0,0,0,0,0,1,0,0,1,0
Primary caregiver,Male,48,0,0,0,0,1,0,1, $150 ,TRUE,5,1,1,3,0,2,0,0,0,0,1,1,0,0,0,Communal tap,Communal tap,FALSE,4,FALSE,1,6,FALSE,,,,,,,,,,,,,,,TRUE,TRUE,FALSE,TRUE,FALSE,TRUE,FALSE,2022-03-16,FALSE,,TRUE,1,1,0,0,0,0,0,0,TRUE,0,0,0,0,0,0,0,1,0,0,0,0,0,0,0,0,0,0,0,1,0,0,1,0,0,0,0,0,0,0,0,0,0,0,0,0,0,0
Primary caregiver,Female,62,0,0,0,0,1,0,0, $75 ,TRUE,7,3,2,1,1,2,0,0,0,0,0,0,1,0,0,Borehole,Borehole,FALSE,,,,3,TRUE,0,1,0,0,0,0,0,,,,,,,15,TRUE,TRUE,TRUE,TRUE,TRUE,TRUE,FALSE,2022-06-08,FALSE,,TRUE,0,1,0,0,0,0,0,0,TRUE,0,0,0,0,1,0,0,0,0,0,0,0,0,0,0,0,0,0,1,0,0,0,1,0,0,0,0,0,0,0,0,0,0,0,0,0,1,0
Primary caregiver,Male,70,0,0,0,0,1,0,0, $75 ,TRUE,7,2,2,3,0,1,0,0,0,0,0,0,0,0,1,Communal tap,Communal tap,FALSE,1,FALSE,2,,FALSE,,,,,,,,,,,,,,,TRUE,TRUE,TRUE,TRUE,TRUE,TRUE,FALSE,2022-05-11,FALSE,,TRUE,1,1,0,0,0,0,0,0,TRUE,0,0,0,0,1,0,0,1,0,0,0,0,0,0,0,0,0,0,1,0,0,0,1,0,0,0,0,0,0,0,0,0,0,0,0,0,1,0
Primary caregiver,Female,58,,0,0,0,1,0,0, $75 ,TRUE,3,2,1,0,0,,,,,,,,,,,Communal tap,Communal tap,FALSE,1,FALSE,1,5,TRUE,1,0,0,0,0,0,0,10,FALSE,TRUE,2,2.5,1,15,TRUE,TRUE,TRUE,TRUE,TRUE,TRUE,FALSE,2022-05-11,FALSE,,TRUE,1,1,0,0,0,0,0,0,TRUE,0,0,0,0,1,0,0,1,0,0,0,0,0,0,0,0,0,0,1,0,0,0,0,0,0,0,0,0,0,0,0,0,0,0,0,0,1,0
Primary caregiver,Female,32,3,0,0,1,0,0,0, $350 ,TRUE,4,0,1,3,0,1,0,0,1,0,0,0,0,0,0,Communal tap,Communal tap,FALSE,4,FALSE,2,,TRUE,1,1,0,0,0,0,0,10,FALSE,TRUE,2.5,2.5,3,15,TRUE,TRUE,TRUE,TRUE,TRUE,TRUE,FALSE,2022-04-13,FALSE,,TRUE,1,1,0,0,0,0,0,0,TRUE,0,0,0,0,1,0,1,0,0,0,0,0,0,0,0,0,0,0,0,1,0,0,0,0,0,0,0,0,0,0,0,0,0,0,0,0,1,0
Primary caregiver,Female,29,3,0,0,1,0,0,0, $150 ,TRUE,3,0,2,0,1,,,,,,,,,,,Pipe,Pipe,FALSE,1,,,,TRUE,1,1,0,0,0,0,0,10,FALSE,TRUE,2.5,2,1,15,TRUE,TRUE,TRUE,TRUE,TRUE,TRUE,FALSE,2022-05-14,FALSE,,TRUE,0,1,0,0,0,0,0,0,TRUE,0,0,0,0,1,1,0,0,0,0,0,0,0,0,0,0,0,0,1,0,0,0,0,0,0,0,0,0,0,0,0,0,0,0,0,0,1,0
Primary caregiver,Female,31,4,0,0,0,1,0,1, $450 ,TRUE,11,5,3,0,3,1,0,1,0,0,0,0,0,0,0,Pipe,Pipe,FALSE,1,,,,TRUE,1,1,0,0,0,0,0,10,FALSE,TRUE,2.5,2,1,15,TRUE,TRUE,TRUE,TRUE,TRUE,TRUE,FALSE,2022-05-17,FALSE,,TRUE,1,1,0,0,0,0,0,0,TRUE,0,0,0,0,0,1,0,1,0,0,0,0,0,0,0,0,0,0,1,0,0,0,0,0,0,0,0,0,0,0,0,0,0,0,0,0,1,0
Primary caregiver,Female,51,2,0,0,1,0,0,0, $75 ,FALSE,16,2,3,4,2,1,0,0,1,0,0,0,0,0,0,Pipe,Pipe,FALSE,1,,,,FALSE,,,,,,,,,,,,,,,TRUE,TRUE,TRUE,TRUE,TRUE,TRUE,FALSE,2022-05-11,FALSE,,TRUE,1,1,0,0,1,0,0,0,TRUE,0,0,0,0,1,1,0,0,0,0,0,0,0,0,0,0,0,0,1,0,0,0,1,0,0,0,0,0,0,0,0,0,0,0,0,0,1,0
Primary caregiver,Male,44,3,0,0,0,1,0,0, $-   ,TRUE,9,2,2,2,3,3,0,1,0,0,1,0,1,0,0,Protected well,Protected well,FALSE,1,,,5,FALSE,,,,,,,,,,,,,,,TRUE,TRUE,TRUE,TRUE,TRUE,TRUE,FALSE,2022-05-13,FALSE,,TRUE,1,1,1,1,1,0,0,0,TRUE,0,0,0,0,1,1,0,0,0,0,0,0,0,0,0,0,0,0,1,0,0,0,0,0,0,0,0,0,0,0,0,0,0,0,0,0,1,0
Primary caregiver,Female,50,4,0,0,1,0,0,0, $350 ,TRUE,4,1,3,0,0,,,,,,,,,,,Pipe,Pipe,FALSE,1,,,,FALSE,,,,,,,,,,,,,,,TRUE,TRUE,TRUE,TRUE,TRUE,TRUE,FALSE,2022-05-20,FALSE,,TRUE,1,1,0,0,1,0,0,0,TRUE,0,0,0,0,1,1,0,0,0,0,0,0,0,0,0,0,0,0,1,0,0,0,0,0,0,0,0,0,0,0,0,0,0,0,0,0,1,0
Primary caregiver,Male,57,2,0,0,0,1,0,0, $75 ,TRUE,7,3,4,0,0,,,,,,,,,,,Communal tap,Communal tap,FALSE,1,FALSE,6,10,TRUE,1,1,0,0,0,0,0,20,FALSE,TRUE,4.5,2.5,2,15,TRUE,TRUE,TRUE,TRUE,TRUE,TRUE,FALSE,2022-07-03,FALSE,,FALSE,1,1,0,0,0,0,0,0,TRUE,1,0,0,0,1,0,0,0,0,0,0,0,0,0,0,0,0,0,1,0,0,0,1,1,0,0,0,0,0,0,0,0,0,1,0,0,1,0
Other,Male,36,3,0,0,1,0,0,0, $450 ,TRUE,4,1,0,2,1,3,0,0,1,0,1,1,0,0,0,Pipe,Surface,TRUE,,FALSE,1,2,TRUE,1,1,0,0,0,0,0,20,TRUE,TRUE,3.5,2,2,15,FALSE,FALSE,TRUE,TRUE,TRUE,TRUE,FALSE,2022-05-14,FALSE,,TRUE,1,1,1,1,0,0,0,0,TRUE,0,1,0,0,1,0,0,1,0,0,0,0,0,0,0,0,0,0,1,0,0,0,1,0,0,0,0,0,0,0,0,0,0,1,0,0,1,0
Primary caregiver,Female,45,3,0,0,1,1,0,0, $450 ,TRUE,6,1,2,2,1,2,0,0,0,1,0,0,0,0,0,Communal tap,Communal tap,FALSE,1,FALSE,3,4,TRUE,1,1,0,0,0,0,0,10,FALSE,TRUE,2,2,2,15,TRUE,TRUE,TRUE,TRUE,TRUE,TRUE,FALSE,2022-08-11,FALSE,,TRUE,1,1,0,0,0,1,0,0,TRUE,1,0,0,0,1,0,0,1,0,0,0,0,0,0,0,0,0,0,1,0,0,0,0,0,0,0,0,0,0,0,0,0,0,1,0,0,1,0
Primary caregiver,Female,37,3,0,0,1,0,0,0, $750 ,TRUE,7,1,1,4,1,1,0,0,1,0,0,0,0,0,0,Communal tap,Communal tap,FALSE,1,,,,TRUE,0,1,0,0,0,0,0,,,,,,,30,TRUE,TRUE,TRUE,FALSE,FALSE,TRUE,TRUE,2022-06-07,FALSE,,FALSE,1,1,0,0,0,0,0,0,TRUE,0,0,0,0,1,0,0,1,0,0,0,0,0,0,0,0,0,0,1,0,0,0,0,0,0,0,0,0,0,0,0,0,0,0,0,0,1,0
Primary caregiver,Female,25,4,1,0,0,0,0,0, $150 ,TRUE,9,3,4,1,1,2,0,1,0,0,0,0,0,0,0,Pipe,Pipe,FALSE,1,,,,TRUE,1,1,0,0,0,0,0,20,FALSE,TRUE,2.5,2.5,2,15,TRUE,TRUE,TRUE,TRUE,TRUE,TRUE,TRUE,2022-06-11,FALSE,,TRUE,0,1,0,0,0,1,0,0,TRUE,1,0,0,0,0,0,0,0,0,0,0,0,0,0,0,0,0,0,1,0,0,0,1,0,0,0,0,0,0,0,0,0,0,0,0,0,1,0
Primary caregiver,Female,39,1,0,0,0,1,0,0, $75 ,TRUE,10,2,1,4,3,4,0,0,1,0,0,1,1,0,1,Pipe,Pipe,FALSE,1,,,,FALSE,,,,,,,,,,,,,,,TRUE,FALSE,TRUE,FALSE,TRUE,TRUE,FALSE,2022-06-23,FALSE,,TRUE,0,0,0,0,0,0,1,0,TRUE,0,0,0,0,0,0,0,0,0,0,0,0,1,0,0,0,0,0,1,0,0,0,1,0,0,0,0,0,0,0,0,0,0,0,0,0,1,0
Primary caregiver,Male,37,0,0,0,0,1,0,0, $25 ,TRUE,5,1,1,2,1,2,1,0,1,0,0,0,0,0,0,Pipe,Pipe,FALSE,1,,,3,TRUE,1,0,0,0,0,0,0,30,FALSE,TRUE,2.5,2.5,4,15,FALSE,TRUE,TRUE,TRUE,FALSE,FALSE,FALSE,2022-06-14,FALSE,,TRUE,0,1,0,0,1,0,0,0,TRUE,1,0,0,0,0,0,0,1,0,0,0,0,0,0,0,0,0,0,0,0,0,1,0,0,0,0,0,0,0,0,0,0,0,1,0,0,0,0
Primary caregiver,Male,56,,0,0,1,0,0,0, $250 ,TRUE,7,4,3,0,0,,,,,,,,,,,Pipe,Pipe,FALSE,1,,,2,TRUE,1,0,0,0,0,0,0,10,FALSE,TRUE,2.5,2,2,15,TRUE,TRUE,TRUE,TRUE,TRUE,TRUE,TRUE,2022-05-14,FALSE,,TRUE,0,0,0,0,0,0,1,0,TRUE,0,0,0,0,0,0,0,0,0,0,0,1,0,0,0,0,0,0,0,0,0,1,0,0,0,0,0,0,0,0,0,0,0,0,0,0,1,0
Secondary caregiver,Female,42,4,0,0,1,0,0,0, $750 ,TRUE,4,1,1,0,2,2,0,0,0,1,1,0,0,0,0,Communal tap,Communal tap,FALSE,1,FALSE,2,,FALSE,,,,,,,,,,,,,,,TRUE,TRUE,TRUE,TRUE,TRUE,TRUE,FALSE,2022-03-10,FALSE,,FALSE,1,0,0,1,1,0,0,0,TRUE,1,0,0,0,1,0,0,0,0,0,0,0,0,0,0,0,0,0,1,0,0,0,0,0,0,0,0,0,0,0,0,0,0,0,0,0,1,0
Secondary caregiver,Female,39,2,1,0,0,0,0,0, $75 ,TRUE,4,1,2,0,1,1,1,0,0,0,0,0,0,0,0,Pipe,Pipe,FALSE,1,,,,TRUE,1,1,0,0,0,0,0,10,FALSE,TRUE,2,2.5,2,15,TRUE,TRUE,TRUE,TRUE,TRUE,TRUE,FALSE,2022-06-07,FALSE,,FALSE,1,1,0,0,0,1,0,0,TRUE,1,0,0,0,1,0,0,0,0,0,0,0,0,0,0,0,0,0,1,0,0,0,0,0,0,0,0,0,0,0,0,0,0,0,0,0,1,0
Primary caregiver,Male,49,4,0,0,1,0,0,0, $750 ,TRUE,7,1,1,5,0,2,1,0,1,0,0,0,0,0,0,Pipe,Pipe,FALSE,3,,,,TRUE,1,0,0,0,0,0,0,10,FALSE,TRUE,2,2,1,15,TRUE,TRUE,TRUE,TRUE,TRUE,TRUE,FALSE,2022-06-08,FALSE,,FALSE,1,1,0,1,0,0,0,0,TRUE,1,0,0,0,1,0,0,0,0,0,0,1,0,0,0,0,0,0,1,0,1,0,1,0,0,0,0,0,0,0,0,0,0,0,0,0,1,0
Primary caregiver,Female,50,2,0,0,0,1,0,0, $75 ,TRUE,8,0,3,2,3,2,0,0,0,0,0,1,1,0,0,Pipe,Pipe,FALSE,1,,,,TRUE,1,1,0,0,0,0,0,10,FALSE,TRUE,2,2,4,15,TRUE,TRUE,FALSE,TRUE,FALSE,TRUE,TRUE,2022-06-07,FALSE,,FALSE,0,1,0,0,0,0,0,0,TRUE,0,0,0,0,0,0,0,1,0,0,0,0,0,0,0,0,0,0,0,1,0,0,0,0,0,0,0,0,0,0,0,0,0,1,0,0,1,0
Primary caregiver,Female,31,3,0,0,1,0,0,0, $75 ,TRUE,2,1,1,0,0,,,,,,,,,,,Pipe,Pipe,FALSE,1,,,,TRUE,1,0,0,0,0,0,0,10,FALSE,TRUE,2,2,2,15,TRUE,TRUE,TRUE,TRUE,TRUE,TRUE,FALSE,2022-05-11,FALSE,,FALSE,1,0,0,1,1,1,0,0,TRUE,1,0,0,0,1,0,0,0,0,0,0,0,0,0,0,0,0,0,1,0,0,0,1,0,0,0,0,0,0,0,0,0,0,0,0,0,1,0
Secondary caregiver,Male,52,2,0,0,0,1,0,0, $350 ,TRUE,5,1,1,2,1,3,0,0,1,0,0,0,1,0,1,Pipe,Pipe,FALSE,1,,,,FALSE,,,,,,,,,,,,,,,TRUE,TRUE,TRUE,TRUE,TRUE,FALSE,TRUE,2022-06-11,TRUE,2,TRUE,0,0,1,0,1,0,0,0,TRUE,0,0,0,0,0,0,0,0,0,0,0,1,0,0,0,0,0,0,0,1,0,0,0,0,0,0,0,0,0,0,0,0,0,0,0,0,1,0
Primary caregiver,Female,42,3,1,0,0,0,0,0, $75 ,TRUE,7,1,1,1,4,3,0,0,0,0,1,0,1,1,0,Pipe,Pipe,FALSE,1,,,5,FALSE,,,,,,,,,,,,,,,TRUE,TRUE,TRUE,TRUE,TRUE,TRUE,FALSE,2022-05-15,FALSE,,TRUE,0,1,1,0,0,0,0,0,TRUE,0,0,0,0,1,0,0,1,0,0,0,0,0,0,0,0,0,0,0,1,0,0,0,0,0,1,0,0,0,0,0,0,0,1,0,0,1,0
Secondary caregiver,Male,53,2,0,0,1,1,0,0, $250 ,TRUE,6,2,1,2,1,1,0,0,0,0,0,0,1,0,0,Communal tap,Communal tap,FALSE,1,FALSE,3,5,FALSE,,,,,,,,,,,,,,,TRUE,TRUE,TRUE,TRUE,TRUE,TRUE,FALSE,2022-06-16,FALSE,,TRUE,0,1,0,0,1,0,0,0,TRUE,1,0,0,0,0,0,0,0,0,0,0,0,0,0,0,0,0,0,0,1,0,0,0,0,0,1,0,0,1,0,0,0,0,1,0,0,0,0
,,,,,,,,,,,,,,,,,,,,,,,,,,,Pipe,Pipe,FALSE,1,,,,FALSE,,,,,,,,,,,,,,,TRUE,TRUE,TRUE,TRUE,FALSE,TRUE,FALSE,2022-06-16,FALSE,,TRUE,0,1,0,0,1,0,0,0,TRUE,1,0,0,0,0,0,0,0,0,0,0,0,0,0,0,0,0,0,0,1,0,0,0,0,0,0,0,0,0,0,0,0,0,1,0,0,1,0
,,,,,,,,,,,,,,,,,,,,,,,,,,,Pipe,Pipe,FALSE,1,,,,TRUE,1,1,0,0,0,0,0,10,FALSE,TRUE,2,2,6,15,TRUE,TRUE,TRUE,TRUE,TRUE,TRUE,FALSE,2022-06-02,FALSE,,TRUE,1,0,0,0,0,1,0,0,TRUE,1,0,0,0,0,0,0,0,0,0,0,0,0,0,0,0,0,0,0,1,0,0,0,0,0,0,0,0,0,0,0,0,0,1,0,0,1,0
